Workbook

Sheet ①入力
A1: 入力値(黄色) と出所。区分: 実測 = 提供データから集計 / 資料 = 課題資料・公的統計 / 仮定 = 置いた値 / 暫定 = 原典の再確認が必要
A3: 項目 | B3: 値 | C3: 区分 | D3: 出所・説明
A4: 既読単価(円) | B4: 400 | C4: 資料 | D4: 課題資料: MR君は既読1件あたり400円
A5: 実施可能割合 | B5: 0.9 | C5: 仮定 | D5: 全国で施策(配信の追加・削減)を実施できる医師の割合。m3.com登録率とは別の仮定
A6: 転換率_保守 | B6: 0.01 | C6: 仮定 | D6: 新たに読んだ医師の潜在未処方のうち、翌年に処方される割合
A7: 転換率_基準 | B7: 0.03 | C7: 仮定 | D7: 参考値6.0%(95%下限2.8%、配信あり/なしの処方率変化の差から計算、関連)の下限付近
A8: 転換率_楽観 | B8: 0.06 | C8: 仮定 | D8: 参考値6.0%付近
A9: 薬剤A 年間売上(円) | B9: 5000000000 | C9: 資料 | D9: 課題資料: 50億円
A10: 全国医師数_内科 | B10: 62161 | C10: 資料 | D10: 厚労省 令和6年 医師・歯科医師・薬剤師統計 医療施設従事医師(主たる診療科)
A11: 全国医師数_耳鼻咽喉科 | B11: 9330 | C11: 暫定 | D11: 同上。9,330名(原典で再確認が必要)
A12: 回答医師数_内科 | B12: 2072 | C12: 実測 | D12: 2026年アンケート
A13: 回答医師数_耳鼻咽喉科 | B13: 1214 | C13: 実測 | D13: 2026年アンケート
A14: 回答医師数_小児科 | B14: 1232 | C14: 実測 | D14: 2026年アンケート(全国換算には使わない)
A15: 回答医師数_眼科 | B15: 482 | C15: 実測 | D15: 2026年アンケート(全国換算には使わない)
... A24: 高ポテンシャル医師_耳鼻咽喉科 | B24: 409 | C24: 実測 | D24: 同上

Sheet ②群×科(5,000名)
A1: 群×診療科ごとの費用と追加処方患者(回答医師5,000名)。群のパラメータ(既読率・10回既読医師率・翌年比)は群全体の実測値
A3: 群 | B3: 診療科 | C3: 医師数 | D3: 潜在未処方 | E3: 既読率/配信 | F3: 10回既読医師率 | G3: 翌年比 | H3: 現状回数 | I3: A案回数 | J3: B案回数 | K3: 現状費用 | L3: A案費用 | M3: B案費用 | N3: A案費用変化 | O3: B案費用変化 | P3: 既読医師率_現状 | Q3: 既読医師率_A | R3: 既読医師率_B | S3: A患者_保守 | T3: A患者_基準 | U3: A患者_楽観 | V3: B患者_保守 | W3: B患者_基準 | X3: B患者_楽観
A4: ① | B4: 内科 | C4: 89 | D4: 880 | E4: 0.096938776 | F4: 0.4872449 | G4: 0.77559055 | H4: 0 | I4: 12 | J4: 12 | K4: =C4*H4*E4*UNIT -> 0 | L4: =C4*I4*E4*UNIT -> 41412.245 | M4: =C4*J4*E4*UNIT -> 41412.245 | N4: =L4-K4 -> 41412.245 | O4: =M4-K4 -> 41412.245 | P4: =IF(H4=0,0,1-(1-F4)^(H4/10)) -> 0 | Q4: =IF(I4=0,0,1-(1-F4)^(I4/10)) -> 0.5513662 | R4: =IF(J4=0,0,1-(1-F4)^(J4/10)) -> 0.5513662 | S4: =(Q4-P4)*D4*G4*CONV_L -> 3.7631829 | T4: =(Q4-P4)*D4*G4*CONV_M -> 11.289549 | U4: =(Q4-P4)*D4*G4*CONV_H -> 22.579097 | V4: =(R4-P4)*D4*G4*CONV_L -> 3.7631829 | W4: =(R4-P4)*D4*G4*CONV_M -> 11.289549 | X4: =(R4-P4)*D4*G4*CONV_H -> 22.579097
A5: ① | B5: 耳鼻咽喉科 | C5: 102 | D5: 1162 | E5: 0.096938776 | F5: 0.4872449 | G5: 0.77559055 | H5: 0 | I5: 12 | J5: 12 | K5: =C5*H5*E5*UNIT -> 0 | L5: =C5*I5*E5*UNIT -> 47461.224 | M5: =C5*J5*E5*UNIT -> 47461.224 | N5: =L5-K5 -> 47461.224 | O5: =M5-K5 -> 47461.224 | P5: =IF(H5=0,0,1-(1-F5)^(H5/10)) -> 0 | Q5: =IF(I5=0,0,1-(1-F5)^(I5/10)) -> 0.5513662 | R5: =IF(J5=0,0,1-(1-F5)^(J5/10)) -> 0.5513662 | S5: =(Q5-P5)*D5*G5*CONV_L -> 4.9691119 | T5: =(Q5-P5)*D5*G5*CONV_M -> 14.907336 | U5: =(Q5-P5)*D5*G5*CONV_H -> 29.814672 | V5: =(R5-P5)*D5*G5*CONV_L -> 4.9691119 | W5: =(R5-P5)*D5*G5*CONV_M -> 14.907336 | X5: =(R5-P5)*D5*G5*CONV_H -> 29.814672
A6: ② | B6: 内科 | C6: 162 | D6: 1526 | E6: 0.096938776 | F6: 0.4872449 | G6: 0.77559055 | H6: 10 | I6: 12 | J6: 12 | K6: =C6*H6*E6*UNIT -> 62816.327 | L6: =C6*I6*E6*UNIT -> 75379.592 | M6: =C6*J6*E6*UNIT -> 75379.592 | N6: =L6-K6 -> 12563.265 | O6: =M6-K6 -> 12563.265 | P6: =IF(H6=0,0,1-(1-F6)^(H6/10)) -> 0.4872449 | Q6: =IF(I6=0,0,1-(1-F6)^(I6/10)) -> 0.5513662 | R6: =IF(J6=0,0,1-(1-F6)^(J6/10)) -> 0.5513662 | S6: =(Q6-P6)*D6*G6*CONV_L -> 0.75890845 | T6: =(Q6-P6)*D6*G6*CONV_M -> 2.2767253 | U6: =(Q6-P6)*D6*G6*CONV_H -> 4.5534507 | V6: =(R6-P6)*D6*G6*CONV_L -> 0.75890845 | W6: =(R6-P6)*D6*G6*CONV_M -> 2.2767253 | X6: =(R6-P6)*D6*G6*CONV_H -> 4.5534507
A7: ② | B7: 耳鼻咽喉科 | C7: 230 | D7: 2479 | E7: 0.096938776 | F7: 0.4872449 | G7: 0.77559055 | H7: 10 | I7: 12 | J7: 12 | K7: =C7*H7*E7*UNIT -> 89183.673 | L7: =C7*I7*E7*UNIT -> 107020.41 | M7: =C7*J7*E7*UNIT -> 107020.41 | N7: =L7-K7 -> 17836.735 | O7: =M7-K7 -> 17836.735 | P7: =IF(H7=0,0,1-(1-F7)^(H7/10)) -> 0.4872449 | Q7: =IF(I7=0,0,1-(1-F7)^(I7/10)) -> 0.5513662 | R7: =IF(J7=0,0,1-(1-F7)^(J7/10)) -> 0.5513662 | S7: =(Q7-P7)*D7*G7*CONV_L -> 1.2328532 | T7: =(Q7-P7)*D7*G7*CONV_M -> 3.6985597 | U7: =(Q7-P7)*D7*G7*CONV_H -> 7.3971194 | V7: =(R7-P7)*D7*G7*CONV_L -> 1.2328532 | W7: =(R7-P7)*D7*G7*CONV_M -> 3.6985597 | X7: =(R7-P7)*D7*G7*CONV_H -> 7.3971194
A8: ③ | B8: 内科 | C8: 343 | D8: 551 | E8: 0.11732125 | F8: 0.51158107 | G8: 2.1606061 | H8: 10 | I8: 6 | J8: 6 | K8: =C8*H8*E8*UNIT -> 160964.75 | L8: =C8*I8*E8*UNIT -> 96578.852 | M8: =C8*J8*E8*UNIT -> 96578.852 | N8: =L8-K8 -> -64385.901 | O8: =M8-K8 -> -64385.901 | P8: =IF(H8=0,0,1-(1-F8)^(H8/10)) -> 0.51158107 | Q8: =IF(I8=0,0,1-(1-F8)^(I8/10)) -> 0.34945777 | R8: =IF(J8=0,0,1-(1-F8)^(J8/10)) -> 0.34945777 | S8: =(Q8-P8)*D8*G8*CONV_L -> -1.930068 | T8: =(Q8-P8)*D8*G8*CONV_M -> -5.7902041 | U8: =(Q8-P8)*D8*G8*CONV_H -> -11.580408 | V8: =(R8-P8)*D8*G8*CONV_L -> -1.930068 | W8: =(R8-P8)*D8*G8*CONV_M -> -5.7902041 | X8: =(R8-P8)*D8*G8*CONV_H -> -11.580408
A9: ③ | B9: 耳鼻咽喉科 | C9: 67 | D9: 117 | E9: 0.11732125 | F9: 0.51158107 | G9: 2.1606061 | H9: 10 | I9: 6 | J9: 6 | K9: =C9*H9*E9*UNIT -> 31442.095 | L9: =C9*I9*E9*UNIT -> 18865.257 | M9: =C9*J9*E9*UNIT -> 18865.257 | N9: =L9-K9 -> -12576.838 | O9: =M9-K9 -> -12576.838 | P9: =IF(H9=0,0,1-(1-F9)^(H9/10)) -> 0.51158107 | Q9: =IF(I9=0,0,1-(1-F9)^(I9/10)) -> 0.34945777 | R9: =IF(J9=0,0,1-(1-F9)^(J9/10)) -> 0.34945777 | S9: =(Q9-P9)*D9*G9*CONV_L -> -0.40983296 | T9: =(Q9-P9)*D9*G9*CONV_M -> -1.2294989 | U9: =(Q9-P9)*D9*G9*CONV_H -> -2.4589977 | V9: =(R9-P9)*D9*G9*CONV_L -> -0.40983296 | W9: =(R9-P9)*D9*G9*CONV_M -> -1.2294989 | X9: =(R9-P9)*D9*G9*CONV_H -> -2.4589977
A10: ③ | B10: 小児科 | C10: 390 | D10: 585 | E10: 0.11732125 | F10: 0.51158107 | G10: 2.1606061 | H10: 10 | I10: 6 | J10: 6 | K10: =C10*H10*E10*UNIT -> 183021.15 | L10: =C10*I10*E10*UNIT -> 109812.69 | M10: =C10*J10*E10*UNIT -> 109812.69 | N10: =L10-K10 -> -73208.459 | O10: =M10-K10 -> -73208.459 | P10: =IF(H10=0,0,1-(1-F10)^(H10/10)) -> 0.51158107 | Q10: =IF(I10=0,0,1-(1-F10)^(I10/10)) -> 0.34945777 | R10: =IF(J10=0,0,1-(1-F10)^(J10/10)) -> 0.34945777 | S10: =(Q10-P10)*D10*G10*CONV_L -> -2.0491648 | T10: =(Q10-P10)*D10*G10*CONV_M -> -6.1474944 | U10: =(Q10-P10)*D10*G10*CONV_H -> -12.294989 | V10: =(R10-P10)*D10*G10*CONV_L -> -2.0491648 | W10: =(R10-P10)*D10*G10*CONV_M -> -6.1474944 | X10: =(R10-P10)*D10*G10*CONV_H -> -12.294989
A11: ③ | B11: 眼科 | C11: 193 | D11: 258 | E11: 0.11732125 | F11: 0.51158107 | G11: 2.1606061 | H11: 10 | I11: 6 | J11: 6 | K11: =C11*H11*E11*UNIT -> 90572.004 | L11: =C11*I11*E11*UNIT -> 54343.202 | M11: =C11*J11*E11*UNIT -> 54343.202 | N11: =L11-K11 -> -36228.802 | O11: =M11-K11 -> -36228.802 | P11: =IF(H11=0,0,1-(1-F11)^(H11/10)) -> 0.51158107 | Q11: =IF(I11=0,0,1-(1-F11)^(I11/10)) -> 0.34945777 | R11: =IF(J11=0,0,1-(1-F11)^(J11/10)) -> 0.34945777 | S11: =(Q11-P11)*D11*G11*CONV_L -> -0.90373421 | T11: =(Q11-P11)*D11*G11*CONV_M -> -2.7112026 | U11: =(Q11-P11)*D11*G11*CONV_H -> -5.4224053 | V11: =(R11-P11)*D11*G11*CONV_L -> -0.90373421 | W11: =(R11-P11)*D11*G11*CONV_M -> -2.7112026 | X11: =(R11-P11)*D11*G11*CONV_H -> -5.4224053
A12: ④ | B12: 内科 | C12: 31 | D12: 281 | E12: 0.091463415 | F12: 0.3902439 | G12: 0.77559055 | H12: 10 | I12: 10 | J12: 10 | K12: =C12*H12*E12*UNIT -> 11341.463 | L12: =C12*I12*E12*UNIT -> 11341.463 | M12: =C12*J12*E12*UNIT -> 11341.463 | N12: =L12-K12 -> 0 | O12: =M12-K12 -> 0 | P12: =IF(H12=0,0,1-(1-F12)^(H12/10)) -> 0.3902439 | Q12: =IF(I12=0,0,1-(1-F12)^(I12/10)) -> 0.3902439 | R12: =IF(J12=0,0,1-(1-F12)^(J12/10)) -> 0.3902439 | S12: =(Q12-P12)*D12*G12*CONV_L -> 0 | T12: =(Q12-P12)*D12*G12*CONV_M -> 0 | U12: =(Q12-P12)*D12*G12*CONV_H -> 0 | V12: =(R12-P12)*D12*G12*CONV_L -> 0 | W12: =(R12-P12)*D12*G12*CONV_M -> 0 | X12: =(R12-P12)*D12*G12*CONV_H -> 0
A13: ④ | B13: 耳鼻咽喉科 | C13: 51 | D13: 506 | E13: 0.091463415 | F13: 0.3902439 | G13: 0.77559055 | H13: 10 | I13: 10 | J13: 10 | K13: =C13*H13*E13*UNIT -> 18658.537 | L13: =C13*I13*E13*UNIT -> 18658.537 | M13: =C13*J13*E13*UNIT -> 18658.537 | N13: =L13-K13 -> 0 | O13: =M13-K13 -> 0 | P13: =IF(H13=0,0,1-(1-F13)^(H13/10)) -> 0.3902439 | Q13: =IF(I13=0,0,1-(1-F13)^(I13/10)) -> 0.3902439 | R13: =IF(J13=0,0,1-(1-F13)^(J13/10)) -> 0.3902439 | S13: =(Q13-P13)*D13*G13*CONV_L -> 0 | T13: =(Q13-P13)*D13*G13*CONV_M -> 0 | U13: =(Q13-P13)*D13*G13*CONV_H -> 0 | V13: =(R13-P13)*D13*G13*CONV_L -> 0 | W13: =(R13-P13)*D13*G13*CONV_M -> 0 | X13: =(R13-P13)*D13*G13*CONV_H -> 0
A14: ⑤ | B14: 内科 | C14: 162 | D14: 964 | E14: 0.11916168 | F14: 0.52295409 | G14: 1.0179372 | H14: 0 | I14: 0 | J14: 12 | K14: =C14*H14*E14*UNIT -> 0 | L14: =C14*I14*E14*UNIT -> 0 | M14: =C14*J14*E14*UNIT -> 92660.12 | N14: =L14-K14 -> 0 | O14: =M14-K14 -> 92660.12 | P14: =IF(H14=0,0,1-(1-F14)^(H14/10)) -> 0 | Q14: =IF(I14=0,0,1-(1-F14)^(I14/10)) -> 0 | R14: =IF(J14=0,0,1-(1-F14)^(J14/10)) -> 0.58859249 | S14: =(Q14-P14)*D14*G14*CONV_L -> 0 | T14: =(Q14-P14)*D14*G14*CONV_M -> 0 | U14: =(Q14-P14)*D14*G14*CONV_H -> 0 | V14: =(R14-P14)*D14*G14*CONV_L -> 5.775808 | W14: =(R14-P14)*D14*G14*CONV_M -> 17.327424 | X14: =(R14-P14)*D14*G14*CONV_H -> 34.654848
A15: ⑤ | B15: 耳鼻咽喉科 | C15: 98 | D15: 582 | E15: 0.11916168 | F15: 0.52295409 | G15: 1.0179372 | H15: 0 | I15: 0 | J15: 12 | K15: =C15*H15*E15*UNIT -> 0 | L15: =C15*I15*E15*UNIT -> 0 | M15: =C15*J15*E15*UNIT -> 56053.653 | N15: =L15-K15 -> 0 | O15: =M15-K15 -> 56053.653 | P15: =IF(H15=0,0,1-(1-F15)^(H15/10)) -> 0 | Q15: =IF(I15=0,0,1-(1-F15)^(I15/10)) -> 0 | R15: =IF(J15=0,0,1-(1-F15)^(J15/10)) -> 0.58859249 | S15: =(Q15-P15)*D15*G15*CONV_L -> 0 | T15: =(Q15-P15)*D15*G15*CONV_M -> 0 | U15: =(Q15-P15)*D15*G15*CONV_H -> 0 | V15: =(R15-P15)*D15*G15*CONV_L -> 3.4870542 | W15: =(R15-P15)*D15*G15*CONV_M -> 10.461163 | X15: =(R15-P15)*D15*G15*CONV_H -> 20.922325

Sheet ③科別(5,000名)
A1: 診療科別の費用変化・追加処方患者(回答医師5,000名)と、回答医師全体の費用
A3: 診療科 | B3: A案費用変化(円) | C3: B案費用変化(円) | D3: A患者_保守 | E3: A患者_基準 | F3: A患者_楽観 | G3: B患者_保守 | H3: B患者_基準 | I3: B患者_楽観
A4: 内科 | B4: =SUMIF('②群×科(5,000名)'!$B$4:$B$15,$A4,'②群×科(5,000名)'!N$4:N$15) -> -10410.391 | C4: =SUMIF('②群×科(5,000名)'!$B$4:$B$15,$A4,'②群×科(5,000名)'!O$4:O$15) -> 82249.729 | D4: =SUMIF('②群×科(5,000名)'!$B$4:$B$15,$A4,'②群×科(5,000名)'!S$4:S$15) -> 2.5920233 | E4: =SUMIF('②群×科(5,000名)'!$B$4:$B$15,$A4,'②群×科(5,000名)'!T$4:T$15) -> 7.7760698 | F4: =SUMIF('②群×科(5,000名)'!$B$4:$B$15,$A4,'②群×科(5,000名)'!U$4:U$15) -> 15.55214 | G4: =SUMIF('②群×科(5,000名)'!$B$4:$B$15,$A4,'②群×科(5,000名)'!V$4:V$15) -> 8.3678313 | H4: =SUMIF('②群×科(5,000名)'!$B$4:$B$15,$A4,'②群×科(5,000名)'!W$4:W$15) -> 25.103494 | I4: =SUMIF('②群×科(5,000名)'!$B$4:$B$15,$A4,'②群×科(5,000名)'!X$4:X$15) -> 50.206988
A5: 耳鼻咽喉科 | B5: =SUMIF('②群×科(5,000名)'!$B$4:$B$15,$A5,'②群×科(5,000名)'!N$4:N$15) -> 52721.121 | C5: =SUMIF('②群×科(5,000名)'!$B$4:$B$15,$A5,'②群×科(5,000名)'!O$4:O$15) -> 108774.77 | D5: =SUMIF('②群×科(5,000名)'!$B$4:$B$15,$A5,'②群×科(5,000名)'!S$4:S$15) -> 5.7921322 | E5: =SUMIF('②群×科(5,000名)'!$B$4:$B$15,$A5,'②群×科(5,000名)'!T$4:T$15) -> 17.376397 | F5: =SUMIF('②群×科(5,000名)'!$B$4:$B$15,$A5,'②群×科(5,000名)'!U$4:U$15) -> 34.752793 | G5: =SUMIF('②群×科(5,000名)'!$B$4:$B$15,$A5,'②群×科(5,000名)'!V$4:V$15) -> 9.2791864 | H5: =SUMIF('②群×科(5,000名)'!$B$4:$B$15,$A5,'②群×科(5,000名)'!W$4:W$15) -> 27.837559 | I5: =SUMIF('②群×科(5,000名)'!$B$4:$B$15,$A5,'②群×科(5,000名)'!X$4:X$15) -> 55.675118
A6: 小児科 | B6: =SUMIF('②群×科(5,000名)'!$B$4:$B$15,$A6,'②群×科(5,000名)'!N$4:N$15) -> -73208.459 | C6: =SUMIF('②群×科(5,000名)'!$B$4:$B$15,$A6,'②群×科(5,000名)'!O$4:O$15) -> -73208.459 | D6: =SUMIF('②群×科(5,000名)'!$B$4:$B$15,$A6,'②群×科(5,000名)'!S$4:S$15) -> -2.0491648 | E6: =SUMIF('②群×科(5,000名)'!$B$4:$B$15,$A6,'②群×科(5,000名)'!T$4:T$15) -> -6.1474944 | F6: =SUMIF('②群×科(5,000名)'!$B$4:$B$15,$A6,'②群×科(5,000名)'!U$4:U$15) -> -12.294989 | G6: =SUMIF('②群×科(5,000名)'!$B$4:$B$15,$A6,'②群×科(5,000名)'!V$4:V$15) -> -2.0491648 | H6: =SUMIF('②群×科(5,000名)'!$B$4:$B$15,$A6,'②群×科(5,000名)'!W$4:W$15) -> -6.1474944 | I6: =SUMIF('②群×科(5,000名)'!$B$4:$B$15,$A6,'②群×科(5,000名)'!X$4:X$15) -> -12.294989
A7: 眼科 | B7: =SUMIF('②群×科(5,000名)'!$B$4:$B$15,$A7,'②群×科(5,000名)'!N$4:N$15) -> -36228.802 | C7: =SUMIF('②群×科(5,000名)'!$B$4:$B$15,$A7,'②群×科(5,000名)'!O$4:O$15) -> -36228.802 | D7: =SUMIF('②群×科(5,000名)'!$B$4:$B$15,$A7,'②群×科(5,000名)'!S$4:S$15) -> -0.90373421 | E7: =SUMIF('②群×科(5,000名)'!$B$4:$B$15,$A7,'②群×科(5,000名)'!T$4:T$15) -> -2.7112026 | F7: =SUMIF('②群×科(5,000名)'!$B$4:$B$15,$A7,'②群×科(5,000名)'!U$4:U$15) -> -5.4224053 | G7: =SUMIF('②群×科(5,000名)'!$B$4:$B$15,$A7,'②群×科(5,000名)'!V$4:V$15) -> -0.90373421 | H7: =SUMIF('②群×科(5,000名)'!$B$4:$B$15,$A7,'②群×科(5,000名)'!W$4:W$15) -> -2.7112026 | I7: =SUMIF('②群×科(5,000名)'!$B$4:$B$15,$A7,'②群×科(5,000名)'!X$4:X$15) -> -5.4224053
A8: 合計(4科) | B8: =SUM(B4:B7) -> -67126.531 | C8: =SUM(C4:C7) -> 81587.242 | D8: =SUM(D4:D7) -> 5.4312565 | E8: =SUM(E4:E7) -> 16.293769 | F8: =SUM(F4:F7) -> 32.587539 | G8: =SUM(G4:G7) -> 14.694119 | H8: =SUM(H4:H7) -> 44.082356 | I8: =SUM(I4:I7) -> 88.164712
A10: 回答医師全体の費用(円)
A11: 現状 | B11: =READ_ALL*UNIT -> 1601600 | C11: =B11/10000 -> 160.16 | D11: 万円
A12: A案 | B12: =B11+B8 -> 1534473.5 | C12: =B12/10000 -> 153.44735 | D12: 万円
A13: B案 | B13: =B11+C8 -> 1683187.2 | C13: =B13/10000 -> 168.31872 | D13: 万円
A14: A案−現状 | B14: =B12-B11 -> -67126.531 | C14: =B14/10000 -> -6.7126531 | D14: 万円
A15: B案−現状 | B15: =B13-B11 -> 81587.242 | C15: =B15/10000 -> 8.1587242 | D15: 万円
A16: B案−A案 | B16: =B13-B12 -> 148713.77 | C16: =B16/10000 -> 14.871377 | D16: 万円
A17: A案変化: 内科+耳鼻 | B17: =B4+B5 -> 42310.73 | C17: =B17/10000 -> 4.231073 | D17: 万円
A18: A案変化: 小児+眼科 | B18: =B6+B7 -> -109437.26 | C18: =B18/10000 -> -10.943726 | D18: 万円

Sheet ④全国(内科・耳鼻)
A1: 全国(内科・耳鼻咽喉科のみ)。倍率 = 全国医師数 ÷ 回答医師数(科別)。費用・患者の「変化」には実施可能割合(仮定)を掛ける。小児科・眼科は含めない
A3: 項目 | B3: 内科 | C3: 耳鼻咽喉科 | D3: 合計 | E3: 単位・説明
A4: 倍率 | B4: =NAT_IM/S_IM -> 30.000483 | C4: =NAT_ENT/S_ENT -> 7.6853377 | E4: 倍
A5: 現状の既読課金 | B5: =READ_IM*B4*UNIT -> 19812319 | C5: =READ_ENT*C4*UNIT -> 3172507.4 | D5: =B5+C5 -> 22984826 | E5: 円(実施可能割合は掛けない)
A6: A案の費用変化 | B6: ='③科別(5,000名)'!B4*B4*FEAS -> -281085.08 | C6: ='③科別(5,000名)'!B5*C4*FEAS -> 364661.66 | D6: =B6+C6 -> 83576.579 | E6: 円
A7: B案の費用変化 | B7: ='③科別(5,000名)'!C4*B4*FEAS -> 2220778.4 | C7: ='③科別(5,000名)'!C5*C4*FEAS -> 752373.79 | D7: =B7+C7 -> 2973152.2 | E7: 円
A8: A案の費用 | B8: =B5+B6 -> 19531234 | C8: =C5+C6 -> 3537169.1 | D8: =B8+C8 -> 23068403 | E8: 円
A9: B案の費用 | B9: =B5+B7 -> 22033097 | C9: =C5+C7 -> 3924881.2 | D9: =B9+C9 -> 25957978 | E9: 円
A10: 高ポテンシャル医師 | B10: =HP_IM*B4 -> 8760.1409 | C10: =HP_ENT*C4 -> 3143.3031 | D10: =B10+C10 -> 11903.444 | E10: 人(実施可能割合は掛けない)
A11: ①の医師数 | B11: =SUMIFS('②群×科(5,000名)'!$C$4:$C$15,'②群×科(5,000名)'!$A$4:$A$15,"①",'②群×科(5,000名)'!$B$4:$B$15,"内科")*B4 -> 2670.043 | C11: =SUMIFS('②群×科(5,000名)'!$C$4:$C$15,'②群×科(5,000名)'!$A$4:$A$15,"①",'②群×科(5,000名)'!$B$4:$B$15,"耳鼻咽喉科")*C4 -> 783.90445 | D11: =B11+C11 -> 3453.9474 | E11: 人
A12: ②の医師数 | B12: =SUMIFS('②群×科(5,000名)'!$C$4:$C$15,'②群×科(5,000名)'!$A$4:$A$15,"②",'②群×科(5,000名)'!$B$4:$B$15,"内科")*B4 -> 4860.0782 | C12: =SUMIFS('②群×科(5,000名)'!$C$4:$C$15,'②群×科(5,000名)'!$A$4:$A$15,"②",'②群×科(5,000名)'!$B$4:$B$15,"耳鼻咽喉科")*C4 -> 1767.6277 | D12: =B12+C12 -> 6627.7059 | E12: 人
A13: ③の医師数 | B13: =SUMIFS('②群×科(5,000名)'!$C$4:$C$15,'②群×科(5,000名)'!$A$4:$A$15,"③",'②群×科(5,000名)'!$B$4:$B$15,"内科")*B4 -> 10290.166 | C13: =SUMIFS('②群×科(5,000名)'!$C$4:$C$15,'②群×科(5,000名)'!$A$4:$A$15,"③",'②群×科(5,000名)'!$B$4:$B$15,"耳鼻咽喉科")*C4 -> 514.91763 | D13: =B13+C13 -> 10805.083 | E13: 人
A14: ⑤の医師数 | B14: =SUMIFS('②群×科(5,000名)'!$C$4:$C$15,'②群×科(5,000名)'!$A$4:$A$15,"⑤",'②群×科(5,000名)'!$B$4:$B$15,"内科")*B4 -> 4860.0782 | C14: =SUMIFS('②群×科(5,000名)'!$C$4:$C$15,'②群×科(5,000名)'!$A$4:$A$15,"⑤",'②群×科(5,000名)'!$B$4:$B$15,"耳鼻咽喉科")*C4 -> 753.1631 | D14: =B14+C14 -> 5613.2413 | E14: 人
A15: A案の追加処方患者_保守 | B15: ='③科別(5,000名)'!D4*B4*FEAS -> 69.985754 | C15: ='③科別(5,000名)'!D5*C4*FEAS -> 40.063043 | D15: =B15+C15 -> 110.0488 | E15: 人/年
A16: A案の追加処方患者_基準 | B16: ='③科別(5,000名)'!E4*B4*FEAS -> 209.95726 | C16: ='③科別(5,000名)'!E5*C4*FEAS -> 120.18913 | D16: =B16+C16 -> 330.14639 | E16: 人/年
A17: A案の追加処方患者_楽観 | B17: ='③科別(5,000名)'!F4*B4*FEAS -> 419.91453 | C17: ='③科別(5,000名)'!F5*C4*FEAS -> 240.37826 | D17: =B17+C17 -> 660.29278 | E17: 人/年
A18: B案の追加処方患者_保守 | B18: ='③科別(5,000名)'!G4*B4*FEAS -> 225.93508 | C18: ='③科別(5,000名)'!G5*C4*FEAS -> 64.182313 | D18: =B18+C18 -> 290.11739 | E18: 人/年
A19: B案の追加処方患者_基準 | B19: ='③科別(5,000名)'!H4*B4*FEAS -> 677.80524 | C19: ='③科別(5,000名)'!H5*C4*FEAS -> 192.54694 | D19: =B19+C19 -> 870.35218 | E19: 人/年
A20: B案の追加処方患者_楽観 | B20: ='③科別(5,000名)'!I4*B4*FEAS -> 1355.6105 | C20: ='③科別(5,000名)'!I5*C4*FEAS -> 385.09388 | D20: =B20+C20 -> 1740.7044 | E20: 人/年
A21: 処方患者(5,000名、4科合計) | D21: =RX_IM+RX_ENT+RX_PED+RX_OPH -> 11280 | E21: 人(実測)
A22: 内科・耳鼻の処方患者の割合 | D22: =(RX_IM+RX_ENT)/D21 -> 0.87429078 | E22: 仮定: 全国の売上も同じ割合で内科・耳鼻に属する
A23: 全国の処方患者(推計) | B23: =RX_IM*B4 -> 115261.85 | C23: =RX_ENT*C4 -> 46265.733 | D23: =B23+C23 -> 161527.59 | E23: 人
A24: 処方患者1人あたり年間売上(参考値) | D24: =SALES*D22/D23 -> 27063.203 | E24: 円。参考値・未検証(薬価・処方日数のデータなし)
A25: A案の追加売上_保守 | D25: =D15*D24 -> 2978273 | E25: 円 = 追加処方患者 × 1人あたり売上
A26: A案の追加売上_基準 | D26: =D16*D24 -> 8934818.9 | E26: 円 = 追加処方患者 × 1人あたり売上
A27: A案の追加売上_楽観 | D27: =D17*D24 -> 17869638 | E27: 円 = 追加処方患者 × 1人あたり売上
A28: B案の追加売上_保守 | D28: =D18*D24 -> 7851505.9 | E28: 円 = 追加処方患者 × 1人あたり売上
A29: B案の追加売上_基準 | D29: =D19*D24 -> 23554518 | E29: 円 = 追加処方患者 × 1人あたり売上
A30: B案の追加売上_楽観 | D30: =D20*D24 -> 47109035 | E30: 円 = 追加処方患者 × 1人あたり売上
A31: A案の追加売上_基準 ÷ 50億円 | D31: =D26/SALES -> 0.0017869638
A32: B案の追加売上_基準 ÷ 50億円 | D32: =D29/SALES -> 0.0047109035

Sheet ⑤照合
A1: Excel と Python(national_v11.json)の照合。差が0なら一致
A3: 項目 | B3: Excel | C3: Python | D3: 差 | E3: 発表での表記
A4: 5,000名 現状費用 | B4: ='③科別(5,000名)'!B11 -> 1601600 | C4: 1601600 | D4: =B4-C4 -> 0 | E4: 160.16万円
A5: 5,000名 A案費用 | B5: ='③科別(5,000名)'!B12 -> 1534473.5 | C5: 1534473.5 | D5: =B5-C5 -> 0 | E5: 153.45万円
A6: 5,000名 B案費用 | B6: ='③科別(5,000名)'!B13 -> 1683187.2 | C6: 1683187.2 | D6: =B6-C6 -> 0 | E6: 168.32万円
A7: 5,000名 A案−現状 | B7: ='③科別(5,000名)'!B14 -> -67126.531 | C7: -67126.531 | D7: =B7-C7 -> 0 | E7: −6.71万円
A8: 5,000名 B案−A案 | B8: ='③科別(5,000名)'!B16 -> 148713.77 | C8: 148713.77 | D8: =B8-C8 -> 0 | E8: +14.87万円
A9: 倍率 内科 | B9: ='④全国(内科・耳鼻)'!B4 -> 30.000483 | C9: 30.000483 | D9: =B9-C9 -> 0 | E9: 30.0倍
A10: 倍率 耳鼻 | B10: ='④全国(内科・耳鼻)'!C4 -> 7.6853377 | C10: 7.6853377 | D10: =B10-C10 -> 0 | E10: 7.69倍
A11: 全国 現状の既読課金 | B11: ='④全国(内科・耳鼻)'!D5 -> 22984826 | C11: 22984826 | D11: =B11-C11 -> 0 | E11: 約2,298万円
A12: 全国 A案の費用変化 | B12: ='④全国(内科・耳鼻)'!D6 -> 83576.579 | C12: 83576.579 | D12: =B12-C12 -> 1.1641532e-09 | E12: +8.4万円
A13: 全国 B案の費用変化 | B13: ='④全国(内科・耳鼻)'!D7 -> 2973152.2 | C13: 2973152.2 | D13: =B13-C13 -> 0 | E13: +297.3万円
A14: 全国 高ポテンシャル医師 | B14: ='④全国(内科・耳鼻)'!D10 -> 11903.444 | C14: 11903.444 | D14: =B14-C14 -> 0 | E14: 約11,900人
A15: 全国 ①の医師数 | B15: ='④全国(内科・耳鼻)'!D11 -> 3453.9474 | C15: 3453.9474 | D15: =B15-C15 -> 0 | E15: 3,450人
A16: 全国 ②の医師数 | B16: ='④全国(内科・耳鼻)'!D12 -> 6627.7059 | C16: 6627.7059 | D16: =B16-C16 -> 0 | E16: 6,630人
A17: 全国 ③の医師数 | B17: ='④全国(内科・耳鼻)'!D13 -> 10805.083 | C17: 10805.083 | D17: =B17-C17 -> 0 | E17: 10,810人
A18: 全国 ⑤の医師数 | B18: ='④全国(内科・耳鼻)'!D14 -> 5613.2413 | C18: 5613.2413 | D18: =B18-C18 -> 0 | E18: 5,610人
A19: 全国 A案 追加処方患者_保守 | B19: ='④全国(内科・耳鼻)'!D15 -> 110.0488 | C19: 110.0488 | D19: =B19-C19 -> 0 | E19: 約110人
A20: 全国 A案 追加処方患者_基準 | B20: ='④全国(内科・耳鼻)'!D16 -> 330.14639 | C20: 330.14639 | D20: =B20-C20 -> 0 | E20: 約330人
A21: 全国 A案 追加処方患者_楽観 | B21: ='④全国(内科・耳鼻)'!D17 -> 660.29278 | C21: 660.29278 | D21: =B21-C21 -> 0 | E21: 約660人
A22: 全国 B案 追加処方患者_保守 | B22: ='④全国(内科・耳鼻)'!D18 -> 290.11739 | C22: 290.11739 | D22: =B22-C22 -> 0 | E22: 約290人
A23: 全国 B案 追加処方患者_基準 | B23: ='④全国(内科・耳鼻)'!D19 -> 870.35218 | C23: 870.35218 | D23: =B23-C23 -> 0 | E23: 約870人
A24: 全国 B案 追加処方患者_楽観 | B24: ='④全国(内科・耳鼻)'!D20 -> 1740.7044 | C24: 1740.7044 | D24: =B24-C24 -> 0 | E24: 約1,740人
A25: 内科・耳鼻の処方患者の割合 | B25: ='④全国(内科・耳鼻)'!D22 -> 0.87429078 | C25: 0.87429078 | D25: =B25-C25 -> 0 | E25: 87%
A26: 全国の処方患者(推計) | B26: ='④全国(内科・耳鼻)'!D23 -> 161527.59 | C26: 161527.59 | D26: =B26-C26 -> 0 | E26: 約16.2万人
A27: 1人あたり年間売上(参考値) | B27: ='④全国(内科・耳鼻)'!D24 -> 27063.203 | C27: 27063.203 | D27: =B27-C27 -> 0 | E27: 約2.7万円
A28: 全国 A案 追加売上_保守 | B28: ='④全国(内科・耳鼻)'!D25 -> 2978273 | C28: 2978273 | D28: =B28-C28 -> 0 | E28: +298万円
A29: 全国 A案 追加売上_基準 | B29: ='④全国(内科・耳鼻)'!D26 -> 8934818.9 | C29: 8934818.9 | D29: =B29-C29 -> 0 | E29: +893万円
A30: 全国 A案 追加売上_楽観 | B30: ='④全国(内科・耳鼻)'!D27 -> 17869638 | C30: 17869638 | D30: =B30-C30 -> 0 | E30: +1,787万円
A31: 全国 B案 追加売上_保守 | B31: ='④全国(内科・耳鼻)'!D28 -> 7851505.9 | C31: 7851505.9 | D31: =B31-C31 -> 0 | E31: +785万円
A32: 全国 B案 追加売上_基準 | B32: ='④全国(内科・耳鼻)'!D29 -> 23554518 | C32: 23554518 | D32: =B32-C32 -> 0 | E32: +2,355万円
A33: 全国 B案 追加売上_楽観 | B33: ='④全国(内科・耳鼻)'!D30 -> 47109035 | C33: 47109035 | D33: =B33-C33 -> 0 | E33: +4,711万円
