Workbook

Sheet 試算
A1: 施策 | B1: 計算式(関連100%のとき) | C1: 追加処方患者_下限(人) | D1: 追加処方患者_上限(人) | E1: 増加率_下限 | F1: 増加率_上限 | G1: 売上目安_下限(億円) | H1: 売上目安_上限(億円)
A2: ① 配信先の見直し(724名へ配信) | B2: 患者数 × 1人あたり完読本数 × 完読1本の上がり幅 | C2: =入力!$B$10*入力!$B$11*入力!$B$7/100*入力!$B$5 | D2: =入力!$B$10*入力!$B$11*入力!$B$7/100*入力!$B$6 | E2: =C2/入力!$B$3 | F2: =D2/入力!$B$3 | G2: =入力!$B$2*E2 | H2: =入力!$B$2*F2
A3: ② 3本の入れ替え(C03・C06・C08) | B3: 既読の患者数 × 入替後の完読率 × 上がり幅 − 現在の効果相当 | C3: =(入力!$B$13*入力!$B$15*入力!$B$7-入力!$B$14)/100*入力!$B$5 | D3: =(入力!$B$13*入力!$B$15*入力!$B$7-入力!$B$14)/100*入力!$B$6 | E3: =C3/入力!$B$3 | F3: =D3/入力!$B$3 | G3: =入力!$B$2*E3 | H3: =入力!$B$2*F3
A4: ③ C10の短縮(300秒→240秒以内) | B4: (既読の患者数 × 短縮後の完読率 − 現在の完読の患者数) × C10の上がり幅 | C4: =(入力!$B$16*入力!$B$15-入力!$B$17)*入力!$B$8/100*入力!$B$5 | D4: =(入力!$B$16*入力!$B$15-入力!$B$17)*入力!$B$8/100*入力!$B$6 | E4: =C4/入力!$B$3 | F4: =D4/入力!$B$3 | G4: =入力!$B$2*E4 | H4: =入力!$B$2*F4
A5: 合計 | C5: =SUM(C2:C4) | D5: =SUM(D2:D4) | E5: =C5/入力!$B$3 | F5: =D5/入力!$B$3 | G5: =入力!$B$2*E5 | H5: =入力!$B$2*F5
A7: 費用(①の追加既読) | B7: 対象医師数 × 1人あたり既読本数 × 既読単価 | C7: =入力!$B$9*入力!$B$12*入力!$B$4 | E7: 円(回答医師5,000名ベース)
A8: ①の追加処方患者1人あたり費用 | B8: 費用 ÷ 追加処方患者 | C8: =C7/D2 | D8: =C7/C2 | E8: 円(左=上限時、右=下限時)
A9: ②③の費用 | B9: コンテンツの作り直し・短縮の制作費 | C9: 要確認 | E9: 既読件数は変わらないため、既読費用は増えない想定
A11: 前提 | B11: 売上目安 = 売上50億円 × 処方患者の増加率。回答医師での増加率が、薬剤Aの売上全体にも当てはまると仮定。
B12: 関連の反映率: 2025→2026年の観察データで見られた関連のうち、施策の効果とみなす割合(下限50%・上限100%)。黄色セル(入力シート)を変えると全体が再計算される。
B13: 施策①の新規配信先の完読本数は、同じ条件で現在配信されている医師の実測値。②③による完読率の改善は①には含めていない(控えめな想定)。

Sheet 入力
A1: 項目 | B1: 値 | C1: 単位 | D1: 区分 | E1: 出典・計算方法
A2: 売上 | B2: 50 | C2: 億円 | D2: 資料 | E2: 課題資料: 薬剤Aの年間売上
A3: 処方患者数_基準 | B3: 11280 | C3: 人 | D3: 実測 | E3: 2026年アンケート回答医師5,000名の薬剤A処方患者数の合計(直近1年・自己申告)
A4: 既読単価 | B4: 400 | C4: 円/既読 | D4: 資料 | E4: データ仕様書: MR君は既読1件あたり400円
A5: 関連の反映率_下限 | B5: 0.5 | D5: 仮定 | E5: 観察された関連のうち、施策の効果とみなす割合(下限)。変更可
A6: 関連の反映率_上限 | B6: 1 | D6: 仮定 | E6: 観察された関連のうち、施策の効果とみなす割合(上限)。変更可
A7: 完読1本の上がり幅_有効7本 | B7: 4.862 | C7: pt | D7: 実測(関連) | E7: K3: 面談なし両年回答2,945名の重回帰。C01,C02,C04,C05,C07,C09,C10の係数の平均
A8: 完読1本の上がり幅_C10 | B8: 5.5621 | C8: pt | D8: 実測(関連) | E8: K3: C10の係数
A9: ①対象医師数 | B9: 724 | C9: 名 | D9: 実測 | E9: 内科・耳鼻咽喉科 × MR面談なし × MR君配信対象外(回答医師)
A10: ①対象医師の花粉症患者数 | B10: 6032 | C10: 人 | D10: 実測 | E10: 同上の医師のQ3_1合計
A11: ①1人あたり完読本数 | B11: 0.5485 | C11: 本 | D11: 実測 | E11: 同じ条件で配信対象の医師の平均(完読=視聴時間≧コンテンツ長)
A12: ①1人あたり既読本数 | B12: 1.1957 | C12: 本 | D12: 実測 | E12: 同じ条件で配信対象の医師の平均
A13: ②3本の既読に対応する患者数 | B13: 7601 | C13: 人 | D13: 実測 | E13: C03・C06・C08の既読(回答医師、1,141件)ごとに医師の花粉症患者数を合計
A14: ②3本の現在の効果相当 | B14: 4692.69 | C14: 人×pt | D14: 実測(関連) | E14: 現在の完読(415件)×患者数×各コンテンツの係数の合計
A15: ②③入替・短縮後の完読率 | B15: 0.4939 | D15: 実測 | E15: 240秒以内のコンテンツの完読率(全既読ログ)
A16: ③C10の既読に対応する患者数 | B16: 2895 | C16: 人 | D16: 実測 | E16: C10の既読(回答医師、416件)ごとに医師の花粉症患者数を合計
A17: ③C10の現在の完読に対応する患者数 | B17: 1057 | C17: 人 | D17: 実測 | E17: C10の完読ごとに医師の花粉症患者数を合計
